"Participant","AIC","BIC"
1,127.735747301668,135.028197698198
2,118.476257952242,125.768708348772
3,6.09676917548013,13.3892195720101
4,6.09765621849771,13.3901066150276
5,153.258775279678,160.551225676208
6,87.7623418372394,95.0547922337693
7,13.0735435507661,20.365993947296
8,97.0637248067504,104.35617520328
9,6.09659820415781,13.3890486006878
10,6.09332110653332,13.3857715030633
11,71.9529841449271,79.2454345414571
12,20.8956383980808,28.1880887946108
13,6.09135664380177,13.3838070403317
14,6.09086210902326,13.3833125055532
15,119.438367737555,126.730818134085
16,134.596250911706,141.888701308236
17,114.622641270996,121.915091667525
18,130.784511655162,138.076962051692
19,61.5948260045754,68.8872764011054
20,81.5114884267994,88.8039388233293
21,115.222069684138,122.514520080668
22,131.817221384192,139.109671780722
23,130.338848228605,137.631298625135
24,131.7738795845,139.06632998103
25,159.022781500139,166.315231896669
26,45.4354874368756,52.7279378334056
27,69.627480758342,76.9199311548719
28,136.016927627185,143.309378023715
29,124.622294456472,131.914744853001
30,13.0252528729827,20.3177032695126
31,157.797668490814,165.090118887344
32,106.577181742721,113.869632139251
33,81.2725519860646,88.5650023825945
34,68.293408593999,75.585858990529
35,107.602339610096,114.894790006626
36,114.297452123899,121.589902520429
37,113.096687538939,120.389137935469
38,87.5288289560064,94.8212793525363
39,6.08456903536022,13.3770194318902
40,158.323039920403,165.615490316932
41,85.9114688161906,93.2039192127206
42,120.408815391918,127.701265788448
43,129.337803718622,136.630254115152
44,6.09419395238454,13.3866443489145
45,94.0336841337602,101.32613453029
46,66.206175867416,73.498626263946
47,136.40889864843,143.70134904496
48,6.0894536720894,13.3819040686193
49,68.6882747763037,75.9807251728337
50,54.032044329975,61.3244947265049
51,36.1846184222828,43.4770688188127
52,79.2308199425495,86.5232703390794
53,135.897292640546,143.189743037076
54,137.807872760227,145.100323156756
55,130.859812940983,138.152263337513
56,125.910167564426,133.202617960956
57,109.010787811873,116.303238208403
58,110.141642014411,117.434092410941
59,89.154532476576,96.4469828731059
60,89.1765400153461,96.4689904118761
61,30.1445621967204,37.4370125932503
62,6.09104886683055,13.3834992633605
63,135.916380443383,143.208830839913
64,121.229962448959,128.522412845489
65,113.450928709742,120.743379106272
66,67.5701017600179,74.8625521565478
67,6.09534875807981,13.3877991546098
68,6.09266574863249,13.3851161451624
69,6.08692047969199,13.3793708762219
70,87.5802099832597,94.8726603797897
71,46.4805194008326,53.7729697973626
72,13.9238757263942,21.2163261229242
73,77.9083034754606,85.2007538719906
74,77.7390569124777,85.0315073090077
75,110.103357485558,117.395807882088
76,41.1832776702318,48.4757280667618
77,87.4407558512912,94.7332062478211
78,6.0937329230231,13.386183319553
79,13.077532537083,20.3699829336129
80,71.9438252826892,79.2362756792192
81,71.9609126960643,79.2533630925943
82,6.09052528954687,13.3829756860768
83,6.09574886390311,13.388199260433
84,13.0837312541722,20.3761816507022
85,6.09346130615062,13.3859117026806
86,20.8687900310528,28.1612404275827
87,47.7256112459052,55.0180616424351
88,6.09372167409485,13.3861720706248
89,68.6942557247507,75.9867061212807
90,86.8481327395953,94.1405831361252
91,71.9465388220025,79.2389892185324
92,143.065520672337,150.357971068867
93,71.9580859051373,79.2505363016672
94,130.582970534275,137.875420930805
95,93.2971365276781,100.589586924208
96,6.09344100751331,13.3858914040432
97,43.0439606733509,50.3364110698808
98,82.7089862079823,90.0014366045122
99,87.4847532809627,94.7772036774926
100,6.08876778114146,13.3812181776714
101,6.09121843521861,13.3836688317485
102,6.0992184112089,13.3916688077388
103,126.111685444946,133.404135841476
104,15.5401122371316,22.8325626336615
105,18.2014719285341,25.493922325064
106,71.9526876711766,79.2451380677065
107,70.3270962582322,77.6195466547622
108,6.08965887033781,13.3821092668677
109,118.978355989547,126.270806386077
110,69.8202258283484,77.1126762248783
111,71.9425434453771,79.234993841907
112,71.9608197111306,79.2532701076606
113,35.1378405027436,42.4302908992736
114,124.532612561081,131.825062957611
115,77.8489372535827,85.1413876501126
116,6.09769032237191,13.3901407189018
117,121.65671720015,128.94916759668
118,31.1501209566884,38.4425713532184
119,112.007392164146,119.299842560676
120,63.8840293186605,71.1764797151904
121,73.559223165598,80.8516735621279
122,6.09526895356421,13.3877193500941
123,89.6860696612337,96.9785200577636
124,128.631147432201,135.923597828731
125,132.227418500848,139.519868897378
126,22.92640087242,30.21885126895
127,51.6877543043529,58.9802047008829
128,85.3285737046971,92.6210241012271
129,34.5391756672835,41.8316260638135
130,41.1050613549163,48.3975117514463
131,91.5965803474824,98.8890307440124
132,20.8412556265381,28.1337060230681
133,118.370657918928,125.663108315458
134,136.67918380318,143.971634199709
135,120.462797415765,127.755247812295
136,102.573441157283,109.865891553813
137,105.153435150503,112.445885547033
138,126.246461995518,133.538912392048
139,92.6181065542222,99.9105569507521
140,69.3591694925464,76.6516198890764
141,136.138903228253,143.431353624783
142,83.5173542015287,90.8098045980586
143,6.09700036973389,13.3894507662638
144,116.336761002589,123.629211399118
145,87.9808300644371,95.273280460967
146,122.893961382709,130.186411779239
147,92.704852710624,99.9973031071539
148,130.505637853586,137.798088250116
149,61.4925130042499,68.7849634007798
150,110.610104368142,117.902554764672
151,117.637847254061,124.930297650591
152,51.0966523160704,58.3891027126003
153,123.207067535317,130.499517931847
154,6.09528020906611,13.387730605596
155,71.952060676824,79.244511073354
156,96.1898346774488,103.482285073979
157,61.7450093364748,69.0374597330047
158,121.631228797814,128.923679194344
159,151.645647178035,158.938097574564
160,6.09581689147542,13.3882672880054
161,113.102873511072,120.395323907602
162,6.09207298112472,13.3845233776547
163,84.134843998437,91.4272943949669
164,112.489750111664,119.782200508194
165,105.430278256738,112.722728653268
166,87.6958668688257,94.9883172653557
167,35.6404797426147,42.9329301391447
168,13.0473865976465,20.3398369941765
169,114.067298663284,121.359749059814
170,72.385338638526,79.6777890350559
171,29.4516136146243,36.7440640111542
172,6.08660177063743,13.3790521671674
173,50.5627286838752,57.8551790804052
174,74.9399905062066,82.2324409027366
175,91.3930881152376,98.6855385117675
176,111.890377213728,119.182827610258
177,83.4919636177534,90.7844140142834
178,60.5361548670588,67.8286052635888
179,46.0607049501773,53.3531553467072
180,89.5454192178004,96.8378696143303
181,48.3950805669168,55.6875309634467
182,68.9962180008656,76.2886683973955
183,122.256952330867,129.549402727397
184,71.9390485935679,79.2314989900978
185,66.001677160327,73.2941275568569
186,105.71970811538,113.01215851191
187,95.6378180683732,102.930268464903
188,6.09227155290231,13.3847219494322
189,103.38866394175,110.68111433828
190,6.09778663912464,13.3902370356546
191,117.759758785887,125.052209182417
192,110.517841850965,117.810292247495
193,140.365834650344,147.658285046874
194,96.8826334015348,104.175083798065
195,6.09008639566201,13.382536792192
196,95.6268206413502,102.91927103788
197,73.42727529469,80.71972569122
198,115.6077979131,122.90024830963
199,82.9767859278733,90.2692363244032
200,31.6694094626028,38.9618598591328
201,71.9433136730258,79.2357640695557
202,46.1508851676002,53.4433355641302
203,80.8603060020797,88.1527563986097
204,6.08783075193191,13.3802811484618
205,6.09837943405672,13.3908298305867
206,75.9103338463578,83.2027842428878
207,103.182183825175,110.474634221705
208,118.948901286753,126.241351683283
209,50.9937209140908,58.2861713106207
210,77.8499246379713,85.1423750345012
211,114.138241630834,121.430692027364
212,85.1437080842558,92.4361584807858
213,48.7048515487833,55.9973019453133
214,99.9562603781989,107.248710774729
215,13.067944160169,20.3603945566989
216,91.32576547331,98.6182158698399
217,119.30804929776,126.60049969429
218,71.0278278563216,78.3202782528515
219,20.8720800355506,28.1645304320806
220,85.517645151205,92.810095547735
221,44.4434097812357,51.7358601777656
222,114.387576352506,121.680026749036
223,52.8017628297435,60.0942132262734
224,6.09484670338496,13.3872970999149
225,125.809349994258,133.101800390788
226,82.7859917708623,90.0784421673922
227,6.09408745941863,13.3865378559486
228,49.2768584051603,56.5693088016902
229,26.1566640599701,33.4491144565001
230,53.4417810177006,60.7342314142306
231,6.09653381953013,13.3889842160601
232,6.09318645845996,13.3856368549899
233,6.09672760813379,13.3891780046637
234,6.09336972418097,13.3858201207109
235,100.574719018056,107.867169414586
236,88.1868100177681,95.4792604142981
237,80.6009105444501,87.8933609409801
238,17.7434541169163,25.0359045134463
239,85.827887820111,93.120338216641
240,6.09199224968424,13.3844426462142
241,6.09308737809498,13.3855377746249
242,31.8122507029463,39.1047010994763
243,16.750886516074,24.043336912604
